PackageID,Length,Width,Depth,CartonName,ItemsFit,%Utilization,CartonName,ItemsFit,%Utilization,CartonName,ItemsFit,%Utilization,CartonName,ItemsFit,%Utilization,CartonName,ItemsFit,%Utilization,CartonName,ItemsFit,%Utilization,BestFit
32H1266,21.25,3.2,21.5,2-Way Flat Pallet-33264,17,74.72,2-Way Flat Pallet-54432,21,56.4,2-Way Flat Pallet-72576,35,70.51,2-Way Flat Pallet-90720,39,62.85,Half Pallet Box (2 or 4 way base)-10682,4,54.75,Full Pallet Box (2 or 4 way)-21458,11,74.94,Full Pallet Box (2 or 4 way)
32H2138,24.25,3.2,24.5,2-Way Flat Pallet-33264,6,34.29,2-Way Flat Pallet-54432,19,66.36,2-Way Flat Pallet-72576,23,60.25,2-Way Flat Pallet-90720,35,73.35,Half Pallet Box (2 or 4 way base)-10682,4,71.19,Full Pallet Box (2 or 4 way)-21458,10,88.6,Full Pallet Box (2 or 4 way)
DY10009,8.38,8.38,8,2-Way Flat Pallet-33264,40,67.56,2-Way Flat Pallet-54432,80,82.57,2-Way Flat Pallet-72576,120,92.89,2-Way Flat Pallet-90720,140,86.7,Half Pallet Box (2 or 4 way base)-10682,9,47.33,Full Pallet Box (2 or 4 way)-21458,27,70.69,Full Pallet Box (2 or 4 way)
DY10013,22.75,5.38,22.5,2-Way Flat Pallet-33264,4,33.12,2-Way Flat Pallet-54432,11,55.65,2-Way Flat Pallet-72576,18,68.3,2-Way Flat Pallet-90720,20,60.71,Half Pallet Box (2 or 4 way base)-10682,2,51.56,Full Pallet Box (2 or 4 way)-21458,6,77,Full Pallet Box (2 or 4 way)
DY10014,19.44,7.13,23.5,2-Way Flat Pallet-33264,7,68.55,2-Way Flat Pallet-54432,11,65.83,2-Way Flat Pallet-72576,18,80.79,2-Way Flat Pallet-90720,20,71.81,Half Pallet Box (2 or 4 way base)-10682,1,30.49,Full Pallet Box (2 or 4 way)-21458,4,60.72,Full Pallet Box (2 or 4 way)
DY10017,21.75,20,15.69,2-Way Flat Pallet-33264,2,41.04,2-Way Flat Pallet-54432,4,50.16,2-Way Flat Pallet-72576,6,56.42,2-Way Flat Pallet-90720,6,45.14,Half Pallet Box (2 or 4 way base)-10682,0,0,Full Pallet Box (2 or 4 way)-21458,1,31.81,Full Pallet Box (2 or 4 way)
DY10021,22.25,16.5,29,2-Way Flat Pallet-33264,1,32.01,2-Way Flat Pallet-54432,2,39.12,2-Way Flat Pallet-72576,3,44.01,2-Way Flat Pallet-90720,4,46.94,Half Pallet Box (2 or 4 way base)-10682,0,0,Full Pallet Box (2 or 4 way)-21458,0,0,2-Way Flat Pallet
DY10022,25.38,15.75,26.88,2-Way Flat Pallet-33264,1,32.3,2-Way Flat Pallet-54432,2,39.48,2-Way Flat Pallet-72576,3,44.42,2-Way Flat Pallet-90720,4,47.38,Half Pallet Box (2 or 4 way base)-10682,0,0,Full Pallet Box (2 or 4 way)-21458,1,50.07,Full Pallet Box (2 or 4 way)
DY10023,22,9.88,58,2-Way Flat Pallet-33264,0,0,2-Way Flat Pallet-54432,0,0,2-Way Flat Pallet-72576,0,0,2-Way Flat Pallet-90720,5,69.48,Half Pallet Box (2 or 4 way base)-10682,0,0,Full Pallet Box (2 or 4 way)-21458,0,0,2-Way Flat Pallet
DY10024,24.25,14.75,68.5,2-Way Flat Pallet-33264,0,0,2-Way Flat Pallet-54432,0,0,2-Way Flat Pallet-72576,0,0,2-Way Flat Pallet-90720,0,0,Half Pallet Box (2 or 4 way base)-10682,0,0,Full Pallet Box (2 or 4 way)-21458,0,0,NONE
DY10033,16.88,14.5,24,2-Way Flat Pallet-33264,3,52.98,2-Way Flat Pallet-54432,4,43.17,2-Way Flat Pallet-72576,8,64.75,2-Way Flat Pallet-90720,8,51.8,Half Pallet Box (2 or 4 way base)-10682,0,0,Full Pallet Box (2 or 4 way)-21458,1,27.37,Full Pallet Box (2 or 4 way)
DY10037,41,25,20.75,2-Way Flat Pallet-33264,1,63.94,2-Way Flat Pallet-54432,1,39.07,2-Way Flat Pallet-72576,2,58.61,2-Way Flat Pallet-90720,2,46.89,Half Pallet Box (2 or 4 way base)-10682,0,0,Full Pallet Box (2 or 4 way)-21458,0,0,2-Way Flat Pallet
DY10039,30.62,3.06,16.2,2-Way Flat Pallet-33264,16,73.01,2-Way Flat Pallet-54432,30,83.66,2-Way Flat Pallet-72576,38,79.48,2-Way Flat Pallet-90720,48,80.31,Half Pallet Box (2 or 4 way base)-10682,0,0,Full Pallet Box (2 or 4 way)-21458,0,0,2-Way Flat Pallet
DY10041,37.38,3.06,24,2-Way Flat Pallet-33264,7,57.77,2-Way Flat Pallet-54432,14,70.61,2-Way Flat Pallet-72576,23,87,2-Way Flat Pallet-90720,26,78.68,Half Pallet Box (2 or 4 way base)-10682,0,0,Full Pallet Box (2 or 4 way)-21458,0,0,2-Way Flat Pallet
DY10043,35.38,3.06,26,2-Way Flat Pallet-33264,7,59.23,2-Way Flat Pallet-54432,16,82.74,2-Way Flat Pallet-72576,20,77.57,2-Way Flat Pallet-90720,28,86.88,Half Pallet Box (2 or 4 way base)-10682,0,0,Full Pallet Box (2 or 4 way)-21458,0,0,2-Way Flat Pallet
DY10045,17.88,10.25,26,2-Way Flat Pallet-33264,4,57.3,2-Way Flat Pallet-54432,8,70.03,2-Way Flat Pallet-72576,12,78.79,2-Way Flat Pallet-90720,16,84.04,Half Pallet Box (2 or 4 way base)-10682,1,44.61,Full Pallet Box (2 or 4 way)-21458,2,44.41,Full Pallet Box (2 or 4 way)
DY10051,29.75,10.25,34,2-Way Flat Pallet-33264,2,62.34,2-Way Flat Pallet-54432,4,76.19,2-Way Flat Pallet-72576,5,71.43,2-Way Flat Pallet-90720,6,68.57,Half Pallet Box (2 or 4 way base)-10682,0,0,Full Pallet Box (2 or 4 way)-21458,0,0,2-Way Flat Pallet
DY10062,31.18,5.93,31,2-Way Flat Pallet-33264,3,51.69,2-Way Flat Pallet-54432,7,73.71,2-Way Flat Pallet-72576,9,71.08,2-Way Flat Pallet-90720,11,69.5,Half Pallet Box (2 or 4 way base)-10682,0,0,Full Pallet Box (2 or 4 way)-21458,0,0,2-Way Flat Pallet
DY10151,11.6,11.5,55.2,2-Way Flat Pallet-33264,0,0,2-Way Flat Pallet-54432,0,0,2-Way Flat Pallet-72576,0,0,2-Way Flat Pallet-90720,9,73.05,Half Pallet Box (2 or 4 way base)-10682,0,0,Full Pallet Box (2 or 4 way)-21458,0,0,2-Way Flat Pallet
DY10156,15.25,15.25,1.5,2-Way Flat Pallet-33264,76,79.7,2-Way Flat Pallet-54432,136,87.16,2-Way Flat Pallet-72576,188,90.36,2-Way Flat Pallet-90720,220,84.6,Half Pallet Box (2 or 4 way base)-10682,9,29.39,Full Pallet Box (2 or 4 way)-21458,34,55.27,Full Pallet Box (2 or 4 way)
DY10230,2.75,2.75,11.8,2-Way Flat Pallet-33264,330,88.53,2-Way Flat Pallet-54432,585,95.91,2-Way Flat Pallet-72576,780,95.91,2-Way Flat Pallet-90720,975,95.91,Half Pallet Box (2 or 4 way base)-10682,100,83.54,Full Pallet Box (2 or 4 way)-21458,222,92.32,Full Pallet Box (2 or 4 way)
DY10231,2.75,2.75,15.3,2-Way Flat Pallet-33264,263,91.48,2-Way Flat Pallet-54432,424,90.13,2-Way Flat Pallet-72576,585,93.27,2-Way Flat Pallet-90720,755,96.29,Half Pallet Box (2 or 4 way base)-10682,70,75.82,Full Pallet Box (2 or 4 way)-21458,156,84.12,Full Pallet Box (2 or 4 way)
DY10233,2.75,2.75,21.3,2-Way Flat Pallet-33264,195,94.43,2-Way Flat Pallet-54432,295,87.3,2-Way Flat Pallet-72576,410,91,2-Way Flat Pallet-90720,510,90.55,Half Pallet Box (2 or 4 way base)-10682,60,90.48,Full Pallet Box (2 or 4 way)-21458,124,93.08,Full Pallet Box (2 or 4 way)
DY10234,2.75,2.75,24.8,2-Way Flat Pallet-33264,152,85.7,2-Way Flat Pallet-54432,271,93.38,2-Way Flat Pallet-72576,347,89.67,2-Way Flat Pallet-90720,447,92.41,Half Pallet Box (2 or 4 way base)-10682,50,87.79,Full Pallet Box (2 or 4 way)-21458,110,96.14,Full Pallet Box (2 or 4 way)
DY10235,3.25,3.25,10,2-Way Flat Pallet-33264,264,83.83,2-Way Flat Pallet-54432,440,85.38,2-Way Flat Pallet-72576,616,89.65,2-Way Flat Pallet-90720,792,92.21,Half Pallet Box (2 or 4 way base)-10682,84,83.06,Full Pallet Box (2 or 4 way)-21458,168,82.69,Full Pallet Box (2 or 4 way)
DY10237,3.25,3.25,15.5,2-Way Flat Pallet-33264,188,92.53,2-Way Flat Pallet-54432,292,87.83,2-Way Flat Pallet-72576,396,89.33,2-Way Flat Pallet-90720,508,91.68,Half Pallet Box (2 or 4 way base)-10682,44,67.44,Full Pallet Box (2 or 4 way)-21458,97,74.01,Full Pallet Box (2 or 4 way)
DY10241,3.75,3.75,32.8,2-Way Flat Pallet-33264,55,76.26,2-Way Flat Pallet-54432,99,83.89,2-Way Flat Pallet-72576,143,90.88,2-Way Flat Pallet-90720,176,89.48,Half Pallet Box (2 or 4 way base)-10682,0,0,Full Pallet Box (2 or 4 way)-21458,0,0,2-Way Flat Pallet
DY10242,4,4,13.3,2-Way Flat Pallet-33264,144,92.12,2-Way Flat Pallet-54432,234,91.48,2-Way Flat Pallet-72576,324,95,2-Way Flat Pallet-90720,387,90.78,Half Pallet Box (2 or 4 way base)-10682,36,71.72,Full Pallet Box (2 or 4 way)-21458,72,71.4,Full Pallet Box (2 or 4 way)
DY10243,4.25,4.25,9.5,2-Way Flat Pallet-33264,144,74.28,2-Way Flat Pallet-54432,248,78.18,2-Way Flat Pallet-72576,360,85.12,2-Way Flat Pallet-90720,432,81.71,Half Pallet Box (2 or 4 way base)-10682,52,83.53,Full Pallet Box (2 or 4 way)-21458,104,83.16,Full Pallet Box (2 or 4 way)
DY10244,4.25,4.25,15,2-Way Flat Pallet-33264,92,74.93,2-Way Flat Pallet-54432,164,81.63,2-Way Flat Pallet-72576,216,80.64,2-Way Flat Pallet-90720,288,86.01,Half Pallet Box (2 or 4 way base)-10682,24,60.87,Full Pallet Box (2 or 4 way)-21458,60,75.76,Full Pallet Box (2 or 4 way)
DY10245,4.25,4.25,17.5,2-Way Flat Pallet-33264,90,85.52,2-Way Flat Pallet-54432,144,83.62,2-Way Flat Pallet-72576,198,86.24,2-Way Flat Pallet-90720,234,81.53,Half Pallet Box (2 or 4 way base)-10682,24,71.02,Full Pallet Box (2 or 4 way)-21458,52,76.6,Full Pallet Box (2 or 4 way)
DY10246,4.25,4.25,20.5,2-Way Flat Pallet-33264,72,80.15,2-Way Flat Pallet-54432,120,81.63,2-Way Flat Pallet-72576,160,81.63,2-Way Flat Pallet-90720,208,84.9,Half Pallet Box (2 or 4 way base)-10682,21,72.79,Full Pallet Box (2 or 4 way)-21458,43,74.2,Full Pallet Box (2 or 4 way)
DY10249,8.75,2.25,9,2-Way Flat Pallet-33264,160,85.23,2-Way Flat Pallet-54432,288,93.75,2-Way Flat Pallet-72576,376,91.8,2-Way Flat Pallet-90720,464,90.62,Half Pallet Box (2 or 4 way base)-10682,54,89.57,Full Pallet Box (2 or 4 way)-21458,108,89.18,Full Pallet Box (2 or 4 way)
DY10250,10.25,2.25,10.5,2-Way Flat Pallet-33264,124,90.27,2-Way Flat Pallet-54432,210,93.42,2-Way Flat Pallet-72576,272,90.76,2-Way Flat Pallet-90720,346,92.36,Half Pallet Box (2 or 4 way base)-10682,34,77.08,Full Pallet Box (2 or 4 way)-21458,72,81.25,Full Pallet Box (2 or 4 way)
DY10251,12.75,2.25,13,2-Way Flat Pallet-33264,72,80.72,2-Way Flat Pallet-54432,120,82.22,2-Way Flat Pallet-72576,168,86.33,2-Way Flat Pallet-90720,210,86.33,Half Pallet Box (2 or 4 way base)-10682,24,83.79,Full Pallet Box (2 or 4 way)-21458,52,90.37,Full Pallet Box (2 or 4 way)
DY10252,20.25,20.25,2.5,2-Way Flat Pallet-33264,28,86.29,2-Way Flat Pallet-54432,40,75.33,2-Way Flat Pallet-72576,62,87.58,2-Way Flat Pallet-90720,72,81.36,Half Pallet Box (2 or 4 way base)-10682,5,47.99,Full Pallet Box (2 or 4 way)-21458,15,71.66,Full Pallet Box (2 or 4 way)
DY10254,8,2.65,8.25,2-Way Flat Pallet-33264,170,89.38,2-Way Flat Pallet-54432,280,89.97,2-Way Flat Pallet-72576,365,87.96,2-Way Flat Pallet-90720,455,87.72,Half Pallet Box (2 or 4 way base)-10682,51,83.5,Full Pallet Box (2 or 4 way)-21458,108,88.03,Full Pallet Box (2 or 4 way)
DY10255,9.25,2.65,9.5,2-Way Flat Pallet-33264,126,88.21,2-Way Flat Pallet-54432,195,83.42,2-Way Flat Pallet-72576,285,91.45,2-Way Flat Pallet-90720,354,90.87,Half Pallet Box (2 or 4 way base)-10682,30,65.4,Full Pallet Box (2 or 4 way)-21458,78,84.65,Full Pallet Box (2 or 4 way)
DY10256,12.25,2.65,12.5,2-Way Flat Pallet-33264,60,73.19,2-Way Flat Pallet-54432,108,80.51,2-Way Flat Pallet-72576,144,80.51,2-Way Flat Pallet-90720,186,83.2,Half Pallet Box (2 or 4 way base)-10682,22,83.57,Full Pallet Box (2 or 4 way)-21458,48,90.77,Full Pallet Box (2 or 4 way)
DY10258,10.25,3.25,10.5,2-Way Flat Pallet-33264,80,84.12,2-Way Flat Pallet-54432,132,84.82,2-Way Flat Pallet-72576,172,82.9,2-Way Flat Pallet-90720,224,86.37,Half Pallet Box (2 or 4 way base)-10682,24,78.59,Full Pallet Box (2 or 4 way)-21458,48,78.24,Full Pallet Box (2 or 4 way)
DY10259,11.75,3.75,12,2-Way Flat Pallet-33264,51,81.07,2-Way Flat Pallet-54432,99,96.17,2-Way Flat Pallet-72576,132,96.17,2-Way Flat Pallet-90720,165,96.17,Half Pallet Box (2 or 4 way base)-10682,16,79.2,Full Pallet Box (2 or 4 way)-21458,36,88.71,Full Pallet Box (2 or 4 way)
DY10261,4.75,2.25,9.5,2-Way Flat Pallet-33264,296,90.35,2-Way Flat Pallet-54432,497,92.7,2-Way Flat Pallet-72576,670,93.73,2-Way Flat Pallet-90720,832,93.12,Half Pallet Box (2 or 4 way base)-10682,89,84.59,Full Pallet Box (2 or 4 way)-21458,184,87.06,Full Pallet Box (2 or 4 way)
DY10267,5.05,3,19.5,2-Way Flat Pallet-33264,98,87.04,2-Way Flat Pallet-54432,173,93.89,2-Way Flat Pallet-72576,235,95.66,2-Way Flat Pallet-90720,294,95.74,Half Pallet Box (2 or 4 way base)-10682,28,77.44,Full Pallet Box (2 or 4 way)-21458,62,85.36,Full Pallet Box (2 or 4 way)
DY10268,13.25,2.5,32.5,2-Way Flat Pallet-33264,26,84.15,2-Way Flat Pallet-54432,44,87.02,2-Way Flat Pallet-72576,58,86.03,2-Way Flat Pallet-90720,75,89,Half Pallet Box (2 or 4 way base)-10682,0,0,Full Pallet Box (2 or 4 way)-21458,0,0,2-Way Flat Pallet
DY10272,7.25,2.75,17,2-Way Flat Pallet-33264,80,81.51,2-Way Flat Pallet-54432,140,87.18,2-Way Flat Pallet-72576,190,88.73,,,,,,,,,,
DY10272,7.25,2.75,17,2-Way Flat Pallet-33264,80,81.51,2-Way Flat Pallet-54432,140,87.18,2-Way Flat Pallet-72576,190,88.73,2-Way Flat Pallet-90720,240,89.67,Half Pallet Box (2 or 4 way base)-10682,21,66.63,Full Pallet Box (2 or 4 way)-21458,53,83.71,Full Pallet Box (2 or 4 way)
DY10274,8.25,3.25,11.5,2-Way Flat Pallet-33264,87,80.65,2-Way Flat Pallet-54432,144,81.57,2-Way Flat Pallet-72576,192,81.57,2-Way Flat Pallet-90720,240,81.57,Half Pallet Box (2 or 4 way base)-10682,24,69.28,Full Pallet Box (2 or 4 way)-21458,54,77.59,Full Pallet Box (2 or 4 way)
DY10275,4.25,3.25,27.5,2-Way Flat Pallet-33264,75,85.64,2-Way Flat Pallet-54432,126,87.93,2-Way Flat Pallet-72576,167,87.4,2-Way Flat Pallet-90720,207,86.67,Half Pallet Box (2 or 4 way base)-10682,24,85.34,Full Pallet Box (2 or 4 way)-21458,48,84.97,Full Pallet Box (2 or 4 way)
DY10307,19.75,4.25,46,2-Way Flat Pallet-33264,0,0,2-Way Flat Pallet-54432,0,0,2-Way Flat Pallet-72576,15,79.8,2-Way Flat Pallet-90720,15,63.84,Half Pallet Box (2 or 4 way base)-10682,0,0,Full Pallet Box (2 or 4 way)-21458,0,0,2-Way Flat Pallet
DY10308,17.25,13.25,33.5,2-Way Flat Pallet-33264,2,46.04,2-Way Flat Pallet-54432,6,84.4,2-Way Flat Pallet-72576,8,84.4,2-Way Flat Pallet-90720,8,67.52,Half Pallet Box (2 or 4 way base)-10682,0,0,Full Pallet Box (2 or 4 way)-21458,0,0,2-Way Flat Pallet
DY10309,19.25,19.25,23.5,2-Way Flat Pallet-33264,1,26.18,2-Way Flat Pallet-54432,2,32,2-Way Flat Pallet-72576,4,48,2-Way Flat Pallet-90720,4,38.4,Half Pallet Box (2 or 4 way base)-10682,0,0,Full Pallet Box (2 or 4 way)-21458,1,40.58,Full Pallet Box (2 or 4 way)
DY10335,24.5,7,11.2,2-Way Flat Pallet-33264,11,63.52,2-Way Flat Pallet-54432,22,77.63,2-Way Flat Pallet-72576,29,76.75,2-Way Flat Pallet-90720,37,78.34,Half Pallet Box (2 or 4 way base)-10682,3,53.94,Full Pallet Box (2 or 4 way)-21458,6,53.71,Full Pallet Box (2 or 4 way)
DY10336,39,7,11.2,2-Way Flat Pallet-33264,8,73.54,2-Way Flat Pallet-54432,15,84.26,2-Way Flat Pallet-72576,20,84.26,2-Way Flat Pallet-90720,25,84.26,Half Pallet Box (2 or 4 way base)-10682,0,0,Full Pallet Box (2 or 4 way)-21458,0,0,2-Way Flat Pallet
DY10337,8.25,3.25,29,2-Way Flat Pallet-33264,35,81.81,2-Way Flat Pallet-54432,58,82.85,2-Way Flat Pallet-72576,78,83.57,2-Way Flat Pallet-90720,96,82.28,Half Pallet Box (2 or 4 way base)-10682,0,0,Full Pallet Box (2 or 4 way)-21458,0,0,2-Way Flat Pallet
DY10614,23.25,11.25,36.5,2-Way Flat Pallet-33264,1,28.7,2-Way Flat Pallet-54432,4,70.16,2-Way Flat Pallet-72576,5,65.77,2-Way Flat Pallet-90720,7,73.67,Half Pallet Box (2 or 4 way base)-10682,0,0,Full Pallet Box (2 or 4 way)-21458,0,0,2-Way Flat Pallet
DY10618,17.81,13.96,1.81,2-Way Flat Pallet-33264,72,97.41,2-Way Flat Pallet-54432,114,94.25,2-Way Flat Pallet-72576,156,96.73,2-Way Flat Pallet-90720,198,98.22,Half Pallet Box (2 or 4 way base)-10682,19,80.04,Full Pallet Box (2 or 4 way)-21458,27,56.62,Full Pallet Box (2 or 4 way)
DY10620,17.87,2.93,20.92,2-Way Flat Pallet-33264,28,92.2,2-Way Flat Pallet-54432,38,76.47,2-Way Flat Pallet-72576,60,90.55,2-Way Flat Pallet-90720,80,96.59,Half Pallet Box (2 or 4 way base)-10682,4,41.02,Full Pallet Box (2 or 4 way)-21458,14,71.46,Full Pallet Box (2 or 4 way)
DY10628,7,7,10.5,2-Way Flat Pallet-33264,60,92.8,2-Way Flat Pallet-54432,90,85.07,2-Way Flat Pallet-72576,120,85.07,2-Way Flat Pallet-90720,170,96.41,Half Pallet Box (2 or 4 way base)-10682,9,43.35,Full Pallet Box (2 or 4 way)-21458,24,57.54,Full Pallet Box (2 or 4 way)
DY10663,37.25,21.75,1.25,2-Way Flat Pallet-33264,28,85.25,2-Way Flat Pallet-54432,39,72.56,2-Way Flat Pallet-72576,52,72.56,2-Way Flat Pallet-90720,73,81.49,Half Pallet Box (2 or 4 way base)-10682,0,0,Full Pallet Box (2 or 4 way)-21458,0,0,2-Way Flat Pallet
DY10668,22.88,17.13,14.88,2-Way Flat Pallet-33264,2,35.06,2-Way Flat Pallet-54432,4,42.86,2-Way Flat Pallet-72576,6,48.21,2-Way Flat Pallet-90720,8,51.43,Half Pallet Box (2 or 4 way base)-10682,0,0,Full Pallet Box (2 or 4 way)-21458,1,27.18,Full Pallet Box (2 or 4 way)
DY10727,28.25,4.25,28.5,2-Way Flat Pallet-33264,5,51.43,2-Way Flat Pallet-54432,11,69.15,2-Way Flat Pallet-72576,14,66.01,2-Way Flat Pallet-90720,20,75.44,Half Pallet Box (2 or 4 way base)-10682,0,0,Full Pallet Box (2 or 4 way)-21458,0,0,2-Way Flat Pallet
DY10814,22.75,22.75,23.25,2-Way Flat Pallet-33264,0,0,2-Way Flat Pallet-54432,1,22.11,2-Way Flat Pallet-72576,2,33.16,2-Way Flat Pallet-90720,2,26.53,Half Pallet Box (2 or 4 way base)-10682,0,0,Full Pallet Box (2 or 4 way)-21458,1,56.08,Full Pallet Box (2 or 4 way)
DY11007,31,28.75,1.85,2-Way Flat Pallet-33264,11,54.52,2-Way Flat Pallet-54432,28,84.82,2-Way Flat Pallet-72576,34,77.24,2-Way Flat Pallet-90720,50,90.87,Half Pallet Box (2 or 4 way base)-10682,0,0,Full Pallet Box (2 or 4 way)-21458,0,0,2-Way Flat Pallet
DY11045,12.25,12.25,21.25,2-Way Flat Pallet-33264,6,57.52,2-Way Flat Pallet-54432,9,52.73,2-Way Flat Pallet-72576,12,52.73,2-Way Flat Pallet-90720,15,52.73,Half Pallet Box (2 or 4 way base)-10682,2,59.7,Full Pallet Box (2 or 4 way)-21458,4,59.44,Full Pallet Box (2 or 4 way)
DY11140,44.7,15.7,1.85,2-Way Flat Pallet-33264,0,0,2-Way Flat Pallet-54432,0,0,2-Way Flat Pallet-72576,48,85.87,2-Way Flat Pallet-90720,48,68.69,Half Pallet Box (2 or 4 way base)-10682,0,0,Full Pallet Box (2 or 4 way)-21458,0,0,2-Way Flat Pallet
DY11266,4,4,10,2-Way Flat Pallet-33264,180,86.58,2-Way Flat Pallet-54432,306,89.95,2-Way Flat Pallet-72576,432,95.24,2-Way Flat Pallet-90720,540,95.24,Half Pallet Box (2 or 4 way base)-10682,50,74.89,Full Pallet Box (2 or 4 way)-21458,100,74.56,Full Pallet Box (2 or 4 way)
DY11268,10.95,8.15,10.95,2-Way Flat Pallet-33264,30,88.13,2-Way Flat Pallet-54432,45,80.79,2-Way Flat Pallet-72576,60,80.79,2-Way Flat Pallet-90720,75,80.79,Half Pallet Box (2 or 4 way base)-10682,6,54.89,Full Pallet Box (2 or 4 way)-21458,12,54.65,Full Pallet Box (2 or 4 way)
DY11279,10.9,8.1,10.4,2-Way Flat Pallet-33264,30,82.81,2-Way Flat Pallet-54432,45,75.91,2-Way Flat Pallet-72576,60,75.91,2-Way Flat Pallet-90720,75,75.91,Half Pallet Box (2 or 4 way base)-10682,6,51.58,Full Pallet Box (2 or 4 way)-21458,12,51.35,Full Pallet Box (2 or 4 way)
DY11666,63.5,19.5,24.5,2-Way Flat Pallet-33264,0,0,2-Way Flat Pallet-54432,0,0,2-Way Flat Pallet-72576,0,0,2-Way Flat Pallet-90720,0,0,Half Pallet Box (2 or 4 way base)-10682,0,0,Full Pallet Box (2 or 4 way)-21458,0,0,NONE
DY11748,55,15,23,2-Way Flat Pallet-33264,0,0,2-Way Flat Pallet-54432,0,0,2-Way Flat Pallet-72576,0,0,2-Way Flat Pallet-90720,3,62.75,Half Pallet Box (2 or 4 way base)-10682,0,0,Full Pallet Box (2 or 4 way)-21458,0,0,2-Way Flat Pallet
DY54026,14,9.5,33.5,2-Way Flat Pallet-33264,3,40.18,2-Way Flat Pallet-54432,8,65.48,2-Way Flat Pallet-72576,11,67.53,2-Way Flat Pallet-90720,14,68.76,Half Pallet Box (2 or 4 way base)-10682,0,0,Full Pallet Box (2 or 4 way)-21458,0,0,2-Way Flat Pallet
DY54220,4.3,4.17,6.84,2-Way Flat Pallet-33264,240,88.49,2-Way Flat Pallet-54432,400,90.13,2-Way Flat Pallet-72576,560,94.64,2-Way Flat Pallet-90720,688,93.01,Half Pallet Box (2 or 4 way base)-10682,72,82.67,Full Pallet Box (2 or 4 way)-21458,144,82.3,Full Pallet Box (2 or 4 way)
DY54235,7.7,2.1,8.3,2-Way Flat Pallet-33264,220,88.76,2-Way Flat Pallet-54432,380,93.7,2-Way Flat Pallet-72576,510,94.31,2-Way Flat Pallet-90720,630,93.2,Half Pallet Box (2 or 4 way base)-10682,63,79.15,Full Pallet Box (2 or 4 way)-21458,144,90.06,Full Pallet Box (2 or 4 way)
DY54270,6.91,2.65,9.13,2-Way Flat Pallet-33264,172,86.45,2-Way Flat Pallet-54432,283,86.92,2-Way Flat Pallet-72576,375,86.38,2-Way Flat Pallet-90720,472,86.98,Half Pallet Box (2 or 4 way base)-10682,45,70.43,Full Pallet Box (2 or 4 way)-21458,108,84.14,Full Pallet Box (2 or 4 way)
DY54290,5.91,4.21,7.14,2-Way Flat Pallet-33264,162,86.52,2-Way Flat Pallet-54432,270,88.12,2-Way Flat Pallet-72576,359,87.88,2-Way Flat Pallet-90720,432,84.6,Half Pallet Box (2 or 4 way base)-10682,45,74.84,Full Pallet Box (2 or 4 way)-21458,93,76.99,Full Pallet Box (2 or 4 way)
DY54300,5.18,5.02,6.84,2-Way Flat Pallet-33264,144,77,2-Way Flat Pallet-54432,240,78.42,2-Way Flat Pallet-72576,336,82.34,2-Way Flat Pallet-90720,426,83.52,Half Pallet Box (2 or 4 way base)-10682,50,83.25,Full Pallet Box (2 or 4 way)-21458,100,82.89,Full Pallet Box (2 or 4 way)
DY54303,18.6,16.8,0.8,2-Way Flat Pallet-33264,124,93.19,2-Way Flat Pallet-54432,206,94.61,2-Way Flat Pallet-72576,252,86.8,2-Way Flat Pallet-90720,309,85.15,Half Pallet Box (2 or 4 way base)-10682,17,39.78,Full Pallet Box (2 or 4 way)-21458,59,68.73,Full Pallet Box (2 or 4 way)
DY54310,6.91,3.68,7.34,2-Way Flat Pallet-33264,159,89.22,2-Way Flat Pallet-54432,244,83.67,2-Way Flat Pallet-72576,354,91.04,2-Way Flat Pallet-90720,440,90.53,Half Pallet Box (2 or 4 way base)-10682,33,57.66,Full Pallet Box (2 or 4 way)-21458,81,70.45,Full Pallet Box (2 or 4 way)
DY54320,5.02,4.3,9.13,2-Way Flat Pallet-33264,126,74.65,2-Way Flat Pallet-54432,224,81.1,2-Way Flat Pallet-72576,315,85.54,2-Way Flat Pallet-90720,413,89.72,Half Pallet Box (2 or 4 way base)-10682,45,83.02,Full Pallet Box (2 or 4 way)-21458,90,82.66,Full Pallet Box (2 or 4 way)
DY54324,5.5,2.6,15,2-Way Flat Pallet-33264,137,88.34,2-Way Flat Pallet-54432,240,94.58,2-Way Flat Pallet-72576,325,96.05,2-Way Flat Pallet-90720,412,97.41,Half Pallet Box (2 or 4 way base)-10682,35,70.28,Full Pallet Box (2 or 4 way)-21458,78,77.97,Full Pallet Box (2 or 4 way)
DY54328,4.75,4.75,10.65,2-Way Flat Pallet-33264,112,80.91,2-Way Flat Pallet-54432,168,74.16,2-Way Flat Pallet-72576,251,83.1,2-Way Flat Pallet-90720,307,81.32,Half Pallet Box (2 or 4 way base)-10682,25,56.24,Full Pallet Box (2 or 4 way)-21458,62,69.43,Full Pallet Box (2 or 4 way)
DY54330,7.11,4.21,8.54,2-Way Flat Pallet-33264,110,84.53,2-Way Flat Pallet-54432,180,84.53,2-Way Flat Pallet-72576,245,86.29,2-Way Flat Pallet-90720,315,88.76,Half Pallet Box (2 or 4 way base)-10682,30,71.79,Full Pallet Box (2 or 4 way)-21458,63,75.05,Full Pallet Box (2 or 4 way)
DY54340,5.93,5.91,7.34,2-Way Flat Pallet-33264,114,88.16,2-Way Flat Pallet-54432,198,93.57,2-Way Flat Pallet-72576,252,89.32,2-Way Flat Pallet-90720,336,95.27,Half Pallet Box (2 or 4 way base)-10682,28,67.43,Full Pallet Box (2 or 4 way)-21458,60,71.93,Full Pallet Box (2 or 4 way)
DY54355,6.7,3.2,15.2,2-Way Flat Pallet-33264,93,91.11,2-Way Flat Pallet-54432,142,85.02,2-Way Flat Pallet-72576,195,87.56,2-Way Flat Pallet-90720,251,90.17,Half Pallet Box (2 or 4 way base)-10682,22,67.12,Full Pallet Box (2 or 4 way)-21458,53,80.49,Full Pallet Box (2 or 4 way)
DY54370,5.93,5.91,9.13,2-Way Flat Pallet-33264,84,80.8,2-Way Flat Pallet-54432,150,88.18,2-Way Flat Pallet-72576,210,92.58,2-Way Flat Pallet-90720,252,88.88,Half Pallet Box (2 or 4 way base)-10682,16,47.93,Full Pallet Box (2 or 4 way)-21458,48,71.57,Full Pallet Box (2 or 4 way)
DY54390,5.54,5.02,13.73,2-Way Flat Pallet-33264,69,79.21,2-Way Flat Pallet-54432,117,82.08,2-Way Flat Pallet-72576,165,86.81,2-Way Flat Pallet-90720,209,87.97,Half Pallet Box (2 or 4 way base)-10682,24,85.79,Full Pallet Box (2 or 4 way)-21458,48,85.41,Full Pallet Box (2 or 4 way)
DY54395,3.7,2.7,38.9,2-Way Flat Pallet-33264,74,86.45,2-Way Flat Pallet-54432,126,89.96,2-Way Flat Pallet-72576,172,92.1,2-Way Flat Pallet-90720,211,90.38,Half Pallet Box (2 or 4 way base)-10682,0,0,Full Pallet Box (2 or 4 way)-21458,0,0,2-Way Flat Pallet
DY54410,5.93,5.91,12.12,2-Way Flat Pallet-33264,60,76.62,2-Way Flat Pallet-54432,102,79.6,2-Way Flat Pallet-72576,144,84.28,2-Way Flat Pallet-90720,186,87.09,Half Pallet Box (2 or 4 way base)-10682,16,63.62,Full Pallet Box (2 or 4 way)-21458,32,63.34,Full Pallet Box (2 or 4 way)
DY54430,5.91,4.21,18.1,2-Way Flat Pallet-33264,54,73.11,2-Way Flat Pallet-54432,105,86.87,2-Way Flat Pallet-72576,138,85.63,2-Way Flat Pallet-90720,175,86.87,Half Pallet Box (2 or 4 way base)-10682,16,67.46,Full Pallet Box (2 or 4 way)-21458,37,77.65,Full Pallet Box (2 or 4 way)
DY54440,4.3,4.17,25.73,2-Way Flat Pallet-33264,55,76.28,2-Way Flat Pallet-54432,102,86.46,2-Way Flat Pallet-72576,135,85.82,2-Way Flat Pallet-90720,182,92.56,Half Pallet Box (2 or 4 way base)-10682,18,77.74,Full Pallet Box (2 or 4 way)-21458,36,77.4,Full Pallet Box (2 or 4 way)
DY54450,8.9,4.93,10.63,2-Way Flat Pallet-33264,64,89.74,2-Way Flat Pallet-54432,96,82.26,2-Way Flat Pallet-72576,140,89.97,2-Way Flat Pallet-90720,172,88.43,Half Pallet Box (2 or 4 way base)-10682,15,65.49,Full Pallet Box (2 or 4 way)-21458,36,78.25,Full Pallet Box (2 or 4 way)
DY54460,9.93,4.11,12.12,2-Way Flat Pallet-33264,56,83.27,2-Way Flat Pallet-54432,94,85.42,2-Way Flat Pallet-72576,128,87.24,2-Way Flat Pallet-90720,162,88.33,Half Pallet Box (2 or 4 way base)-10682,14,64.83,Full Pallet Box (2 or 4 way)-21458,32,73.76,Full Pallet Box (2 or 4 way)
DY54480,8.31,5.93,12.12,2-Way Flat Pallet-33264,46,82.59,2-Way Flat Pallet-54432,74,81.2,2-Way Flat Pallet-72576,102,83.94,2-Way Flat Pallet-90720,130,85.59,Half Pallet Box (2 or 4 way base)-10682,12,67.09,Full Pallet Box (2 or 4 way)-21458,24,66.8,Full Pallet Box (2 or 4 way)
DY54490,5.91,4.93,21.1,2-Way Flat Pallet-33264,48,88.71,2-Way Flat Pallet-54432,70,79.06,2-Way Flat Pallet-72576,105,88.94,2-Way Flat Pallet-90720,129,87.42,Half Pallet Box (2 or 4 way base)-10682,12,69.06,Full Pallet Box (2 or 4 way)-21458,26,74.49,Full Pallet Box (2 or 4 way)
DY54492,13,4,13.1,2-Way Flat Pallet-33264,38,77.82,2-Way Flat Pallet-54432,64,80.09,2-Way Flat Pallet-72576,90,84.47,2-Way Flat Pallet-90720,110,82.6,Half Pallet Box (2 or 4 way base)-10682,12,76.52,Full Pallet Box (2 or 4 way)-21458,24,76.19,Full Pallet Box (2 or 4 way)
DY54498,26.35,26.5,1.3,2-Way Flat Pallet-33264,16,43.66,2-Way Flat Pallet-54432,45,75.05,2-Way Flat Pallet-72576,54,67.54,2-Way Flat Pallet-90720,82,82.05,Half Pallet Box (2 or 4 way base)-10682,10,84.98,Full Pallet Box (2 or 4 way)-21458,21,88.84,Full Pallet Box (2 or 4 way)
DY54500,5.41,5.3,26.32,2-Way Flat Pallet-33264,32,72.6,2-Way Flat Pallet-54432,50,69.32,2-Way Flat Pallet-72576,74,76.95,2-Way Flat Pallet-90720,92,76.53,Half Pallet Box (2 or 4 way base)-10682,10,70.65,Full Pallet Box (2 or 4 way)-21458,25,87.92,Full Pallet Box (2 or 4 way)
DY54510,7.11,5.93,21.1,2-Way Flat Pallet-33264,35,93.61,2-Way Flat Pallet-54432,53,86.62,2-Way Flat Pallet-72576,70,85.8,2-Way Flat Pallet-90720,88,86.3,Half Pallet Box (2 or 4 way base)-10682,8,66.63,Full Pallet Box (2 or 4 way)-21458,20,82.92,Full Pallet Box (2 or 4 way)
DY54515,4.7,4.7,43.4,2-Way Flat Pallet-33264,0,0,2-Way Flat Pallet-54432,0,0,2-Way Flat Pallet-72576,56,73.97,2-Way Flat Pallet-90720,56,59.18,Half Pallet Box (2 or 4 way base)-10682,0,0,Full Pallet Box (2 or 4 way)-21458,0,0,2-Way Flat Pallet
DY54520,8.31,3.26,36.04,2-Way Flat Pallet-33264,26,76.31,2-Way Flat Pallet-54432,44,78.92,2-Way Flat Pallet-72576,63,84.75,2-Way Flat Pallet-90720,78,83.95,Half Pallet Box (2 or 4 way base)-10682,0,0,Full Pallet Box (2 or 4 way)-21458,0,0,2-Way Flat Pallet
DY54525,26.1,22.6,1.9,2-Way Flat Pallet-33264,11,37.06,2-Way Flat Pallet-54432,33,67.95,2-Way Flat Pallet-72576,40,61.77,2-Way Flat Pallet-90720,61,75.36,Half Pallet Box (2 or 4 way base)-10682,7,73.44,Full Pallet Box (2 or 4 way)-21458,16,83.56,Full Pallet Box (2 or 4 way)
DY54530,8.9,5.93,21.5,2-Way Flat Pallet-33264,28,95.51,2-Way Flat Pallet-54432,37,77.13,2-Way Flat Pallet-72576,56,87.55,2-Way Flat Pallet-90720,70,87.55,Half Pallet Box (2 or 4 way base)-10682,5,53.11,Full Pallet Box (2 or 4 way)-21458,15,79.32,Full Pallet Box (2 or 4 way)
DY54555,8.7,5,34.4,2-Way Flat Pallet-33264,16,71.98,2-Way Flat Pallet-54432,32,87.97,2-Way Flat Pallet-72576,40,82.47,2-Way Flat Pallet-90720,52,85.77,Half Pallet Box (2 or 4 way base)-10682,0,0,Full Pallet Box (2 or 4 way)-21458,0,0,2-Way Flat Pallet
DY54575,8.6,7.7,26.4,2-Way Flat Pallet-33264,12,63.07,2-Way Flat Pallet-54432,26,83.5,2-Way Flat Pallet-72576,32,77.08,2-Way Flat Pallet-90720,40,77.08,Half Pallet Box (2 or 4 way base)-10682,3,49.1,Full Pallet Box (2 or 4 way)-21458,9,73.32,Full Pallet Box (2 or 4 way)
DY54576,20.5,20.5,42.2,2-Way Flat Pallet-33264,0,0,2-Way Flat Pallet-54432,0,0,2-Way Flat Pallet-72576,2,48.87,2-Way Flat Pallet-90720,2,39.1,Half Pallet Box (2 or 4 way base)-10682,0,0,Full Pallet Box (2 or 4 way)-21458,0,0,2-Way Flat Pallet
DY60002,4.4,4.4,6.1,2-Way Flat Pallet-33264,216,76.69,2-Way Flat Pallet-54432,413,89.6,2-Way Flat Pallet-72576,557,90.64,2-Way Flat Pallet-90720,701,91.25,Half Pallet Box (2 or 4 way base)-10682,72,79.6,Full Pallet Box (2 or 4 way)-21458,144,79.25,Full Pallet Box (2 or 4 way)
DY60004,5.25,5.25,6,2-Way Flat Pallet-33264,144,71.59,2-Way Flat Pallet-54432,288,87.5,2-Way Flat Pallet-72576,384,87.5,2-Way Flat Pallet-90720,480,87.5,Half Pallet Box (2 or 4 way base)-10682,50,77.41,Full Pallet Box (2 or 4 way)-21458,100,77.07,Full Pallet Box (2 or 4 way)
DY60005,6.7,3.6,7.3,2-Way Flat Pallet-33264,165,87.34,2-Way Flat Pallet-54432,274,88.63,2-Way Flat Pallet-72576,359,87.1,2-Way Flat Pallet-90720,440,85.4,Half Pallet Box (2 or 4 way base)-10682,52,85.71,Full Pallet Box (2 or 4 way)-21458,96,78.77,Full Pallet Box (2 or 4 way)
DY60007,7.4,3.6,8.1,2-Way Flat Pallet-33264,118,76.55,2-Way Flat Pallet-54432,216,85.63,2-Way Flat Pallet-72576,295,87.71,2-Way Flat Pallet-90720,343,81.59,Half Pallet Box (2 or 4 way base)-10682,33,66.66,Full Pallet Box (2 or 4 way)-21458,81,81.45,Full Pallet Box (2 or 4 way)
DY60008,10,6,4,2-Way Flat Pallet-33264,125,90.19,2-Way Flat Pallet-54432,225,99.21,2-Way Flat Pallet-72576,300,99.21,2-Way Flat Pallet-90720,375,99.21,Half Pallet Box (2 or 4 way base)-10682,31,69.65,Full Pallet Box (2 or 4 way)-21458,72,80.53,Full Pallet Box (2 or 4 way)
DY60010,10.4,2.65,12.12,2-Way Flat Pallet-33264,82,82.34,2-Way Flat Pallet-54432,141,86.53,2-Way Flat Pallet-72576,190,87.45,2-Way Flat Pallet-90720,239,88,Half Pallet Box (2 or 4 way base)-10682,24,75.05,Full Pallet Box (2 or 4 way)-21458,52,80.94,Full Pallet Box (2 or 4 way)
DY60015,8.9,4.5,9.9,2-Way Flat Pallet-33264,72,85.82,2-Way Flat Pallet-54432,120,87.41,2-Way Flat Pallet-72576,156,85.23,2-Way Flat Pallet-90720,216,94.4,Half Pallet Box (2 or 4 way base)-10682,18,66.81,Full Pallet Box (2 or 4 way)-21458,42,77.6,Full Pallet Box (2 or 4 way)
DY60045,15.9,2.5,15.9,2-Way Flat Pallet-33264,42,79.8,2-Way Flat Pallet-54432,72,83.6,2-Way Flat Pallet-72576,102,88.83,2-Way Flat Pallet-90720,118,82.21,Half Pallet Box (2 or 4 way base)-10682,5,29.58,Full Pallet Box (2 or 4 way)-21458,19,55.96,Full Pallet Box (2 or 4 way)
DY60050,8.31,7.1,9.98,2-Way Flat Pallet-33264,40,70.81,2-Way Flat Pallet-54432,60,64.91,2-Way Flat Pallet-72576,95,77.08,2-Way Flat Pallet-90720,120,77.89,Half Pallet Box (2 or 4 way base)-10682,9,49.61,Full Pallet Box (2 or 4 way)-21458,26,71.34,Full Pallet Box (2 or 4 way)
DY60055,13.2,3.5,16.3,2-Way Flat Pallet-33264,36,81.5,2-Way Flat Pallet-54432,60,83.01,2-Way Flat Pallet-72576,84,87.16,2-Way Flat Pallet-90720,108,89.65,Half Pallet Box (2 or 4 way base)-10682,10,70.5,Full Pallet Box (2 or 4 way)-21458,20,70.19,Full Pallet Box (2 or 4 way)
DY60060,11.89,10.4,5.98,2-Way Flat Pallet-33264,36,80.03,2-Way Flat Pallet-54432,72,97.81,2-Way Flat Pallet-72576,96,97.81,2-Way Flat Pallet-90720,120,97.81,Half Pallet Box (2 or 4 way base)-10682,10,69.22,Full Pallet Box (2 or 4 way)-21458,20,68.92,Full Pallet Box (2 or 4 way)
DY60070,11.89,4.93,14.12,2-Way Flat Pallet-33264,30,74.65,2-Way Flat Pallet-54432,54,82.11,2-Way Flat Pallet-72576,78,88.95,2-Way Flat Pallet-90720,96,87.59,Half Pallet Box (2 or 4 way base)-10682,10,77.48,Full Pallet Box (2 or 4 way)-21458,20,77.14,Full Pallet Box (2 or 4 way)
DY60080,8.31,7.1,14.98,2-Way Flat Pallet-33264,20,53.14,2-Way Flat Pallet-54432,40,64.95,2-Way Flat Pallet-72576,60,73.07,2-Way Flat Pallet-90720,80,77.94,Half Pallet Box (2 or 4 way base)-10682,4,33.1,Full Pallet Box (2 or 4 way)-21458,13,53.54,Full Pallet Box (2 or 4 way)
DY60083,18.31,2.9,19,2-Way Flat Pallet-33264,28,84.92,2-Way Flat Pallet-54432,36,66.72,2-Way Flat Pallet-72576,58,80.63,2-Way Flat Pallet-90720,80,88.97,Half Pallet Box (2 or 4 way base)-10682,4,37.78,Full Pallet Box (2 or 4 way)-21458,15,70.52,Full Pallet Box (2 or 4 way)
DY60087,16.3,4,16.5,2-Way Flat Pallet-33264,24,77.62,2-Way Flat Pallet-54432,40,79.06,2-Way Flat Pallet-72576,52,77.08,2-Way Flat Pallet-90720,68,80.64,Half Pallet Box (2 or 4 way base)-10682,3,30.21,Full Pallet Box (2 or 4 way)-21458,10,50.13,Full Pallet Box (2 or 4 way)
DY60100,11.89,10.4,9.98,2-Way Flat Pallet-33264,24,89.04,2-Way Flat Pallet-54432,36,81.62,2-Way Flat Pallet-72576,48,81.62,2-Way Flat Pallet-90720,72,97.94,Half Pallet Box (2 or 4 way base)-10682,4,46.21,Full Pallet Box (2 or 4 way)-21458,8,46.01,Full Pallet Box (2 or 4 way)
DY60105,11,7.4,17.3,2-Way Flat Pallet-33264,15,63.5,2-Way Flat Pallet-54432,30,77.61,2-Way Flat Pallet-72576,40,77.61,2-Way Flat Pallet-90720,51,79.17,Half Pallet Box (2 or 4 way base)-10682,4,52.73,Full Pallet Box (2 or 4 way)-21458,10,65.62,Full Pallet Box (2 or 4 way)
DY60110,20.87,11.89,5.98,2-Way Flat Pallet-33264,16,71.38,2-Way Flat Pallet-54432,32,87.24,2-Way Flat Pallet-72576,41,83.83,2-Way Flat Pallet-90720,50,81.78,Half Pallet Box (2 or 4 way base)-10682,5,69.46,Full Pallet Box (2 or 4 way)-21458,10,69.15,Full Pallet Box (2 or 4 way)
DY60120,7.11,6.91,28.98,2-Way Flat Pallet-33264,18,77.04,2-Way Flat Pallet-54432,35,91.55,2-Way Flat Pallet-72576,42,82.4,2-Way Flat Pallet-90720,60,94.17,Half Pallet Box (2 or 4 way base)-10682,0,0,Full Pallet Box (2 or 4 way)-21458,0,0,2-Way Flat Pallet
DY60125,16.5,6,17.5,2-Way Flat Pallet-33264,14,72.92,2-Way Flat Pallet-54432,28,89.12,2-Way Flat Pallet-72576,36,85.94,2-Way Flat Pallet-90720,46,87.85,Half Pallet Box (2 or 4 way base)-10682,2,32.44,Full Pallet Box (2 or 4 way)-21458,6,48.44,Full Pallet Box (2 or 4 way)
DY60130,13.89,11.89,9.98,2-Way Flat Pallet-33264,12,59.46,2-Way Flat Pallet-54432,18,54.5,2-Way Flat Pallet-72576,24,54.5,2-Way Flat Pallet-90720,36,65.41,Half Pallet Box (2 or 4 way base)-10682,4,61.72,Full Pallet Box (2 or 4 way)-21458,8,61.45,Full Pallet Box (2 or 4 way)
DY60140,20.87,11.89,7.48,2-Way Flat Pallet-33264,10,55.8,2-Way Flat Pallet-54432,20,68.2,2-Way Flat Pallet-72576,30,76.72,2-Way Flat Pallet-90720,40,81.84,Half Pallet Box (2 or 4 way base)-10682,2,34.75,Full Pallet Box (2 or 4 way)-21458,6,51.9,Full Pallet Box (2 or 4 way)
DY60150,17.87,4.93,21.1,2-Way Flat Pallet-33264,16,89.41,2-Way Flat Pallet-54432,22,75.13,2-Way Flat Pallet-72576,34,87.08,2-Way Flat Pallet-90720,38,77.86,Half Pallet Box (2 or 4 way base)-10682,2,34.8,Full Pallet Box (2 or 4 way)-21458,7,60.64,Full Pallet Box (2 or 4 way)
DY60160,20.87,17.87,5.98,2-Way Flat Pallet-33264,12,80.46,2-Way Flat Pallet-54432,18,73.75,2-Way Flat Pallet-72576,28,86.04,2-Way Flat Pallet-90720,37,90.96,Half Pallet Box (2 or 4 way base)-10682,2,41.76,Full Pallet Box (2 or 4 way)-21458,6,62.36,Full Pallet Box (2 or 4 way)
DY60163,10.5,8,28.1,2-Way Flat Pallet-33264,10,70.96,2-Way Flat Pallet-54432,15,65.05,2-Way Flat Pallet-72576,24,78.06,2-Way Flat Pallet-90720,30,78.06,Half Pallet Box (2 or 4 way base)-10682,0,0,Full Pallet Box (2 or 4 way)-21458,6,66,Full Pallet Box (2 or 4 way)
DY60164,14,6.3,27.1,2-Way Flat Pallet-33264,10,71.86,2-Way Flat Pallet-54432,18,79.04,2-Way Flat Pallet-72576,25,82.34,2-Way Flat Pallet-90720,30,79.04,Half Pallet Box (2 or 4 way base)-10682,4,89.5,Full Pallet Box (2 or 4 way)-21458,6,66.83,Full Pallet Box (2 or 4 way)
DY60166,14.5,9.5,19.3,2-Way Flat Pallet-33264,8,63.94,2-Way Flat Pallet-54432,14,68.38,2-Way Flat Pallet-72576,16,58.61,2-Way Flat Pallet-90720,24,70.33,Half Pallet Box (2 or 4 way base)-10682,1,24.89,Full Pallet Box (2 or 4 way)-21458,3,37.17,Full Pallet Box (2 or 4 way)
DY60170,17.9,5.9,29.21,2-Way Flat Pallet-33264,8,74.2,2-Way Flat Pallet-54432,16,90.69,2-Way Flat Pallet-72576,22,93.52,2-Way Flat Pallet-90720,28,95.22,Half Pallet Box (2 or 4 way base)-10682,0,0,Full Pallet Box (2 or 4 way)-21458,0,0,2-Way Flat Pallet
DY60180,35.81,6.91,14.98,2-Way Flat Pallet-33264,8,89.15,2-Way Flat Pallet-54432,12,81.72,2-Way Flat Pallet-72576,18,91.93,2-Way Flat Pallet-90720,24,98.06,Half Pallet Box (2 or 4 way base)-10682,0,0,Full Pallet Box (2 or 4 way)-21458,0,0,2-Way Flat Pallet
DY60190,20.87,17.87,9.98,2-Way Flat Pallet-33264,6,67.14,2-Way Flat Pallet-54432,8,54.7,2-Way Flat Pallet-72576,12,61.54,2-Way Flat Pallet-90720,18,73.85,Half Pallet Box (2 or 4 way base)-10682,1,34.84,Full Pallet Box (2 or 4 way)-21458,2,34.69,Full Pallet Box (2 or 4 way)
DY60200,41.89,11.89,9.98,2-Way Flat Pallet-33264,6,89.66,2-Way Flat Pallet-54432,9,82.19,2-Way Flat Pallet-72576,12,82.19,2-Way Flat Pallet-90720,18,98.63,Half Pallet Box (2 or 4 way base)-10682,0,0,Full Pallet Box (2 or 4 way)-21458,0,0,2-Way Flat Pallet
DY60315,16.1,12.4,32.3,2-Way Flat Pallet-33264,2,38.77,2-Way Flat Pallet-54432,6,71.08,2-Way Flat Pallet-72576,8,71.08,2-Way Flat Pallet-90720,8,56.86,Half Pallet Box (2 or 4 way base)-10682,0,0,Full Pallet Box (2 or 4 way)-21458,0,0,2-Way Flat Pallet
DY60515,27.9,12.7,40.6,2-Way Flat Pallet-33264,1,43.25,2-Way Flat Pallet-54432,2,52.86,2-Way Flat Pallet-72576,3,59.47,2-Way Flat Pallet-90720,4,63.43,Half Pallet Box (2 or 4 way base)-10682,0,0,Full Pallet Box (2 or 4 way)-21458,0,0,2-Way Flat Pallet
DY60615,32.8,13.4,51.7,2-Way Flat Pallet-33264,0,0,2-Way Flat Pallet-54432,0,0,2-Way Flat Pallet-72576,0,0,2-Way Flat Pallet-90720,3,75.14,Half Pallet Box (2 or 4 way base)-10682,0,0,Full Pallet Box (2 or 4 way)-21458,0,0,2-Way Flat Pallet
DY65075,6,6,6.9,2-Way Flat Pallet-33264,126,94.09,2-Way Flat Pallet-54432,210,95.83,2-Way Flat Pallet-72576,288,98.57,2-Way Flat Pallet-90720,336,92,Half Pallet Box (2 or 4 way base)-10682,32,74.41,Full Pallet Box (2 or 4 way)-21458,64,74.09,Full Pallet Box (2 or 4 way)
DY65155,8.3,4.1,9.2,2-Way Flat Pallet-33264,80,75.29,2-Way Flat Pallet-54432,155,89.15,2-Way Flat Pallet-72576,200,86.28,2-Way Flat Pallet-90720,259,89.38,Half Pallet Box (2 or 4 way base)-10682,26,76.2,Full Pallet Box (2 or 4 way)-21458,54,78.78,Full Pallet Box (2 or 4 way)
DY65200,6.91,5.93,7.16,2-Way Flat Pallet-33264,105,92.61,2-Way Flat Pallet-54432,175,94.33,2-Way Flat Pallet-72576,210,84.89,2-Way Flat Pallet-90720,280,90.55,Half Pallet Box (2 or 4 way base)-10682,30,82.4,Full Pallet Box (2 or 4 way)-21458,54,73.83,Full Pallet Box (2 or 4 way)
DY65251,13.75,7.3,6.9,2-Way Flat Pallet-33264,39,81.2,2-Way Flat Pallet-54432,65,82.71,2-Way Flat Pallet-72576,78,74.43,2-Way Flat Pallet-90720,104,79.4,Half Pallet Box (2 or 4 way base)-10682,12,77.8,Full Pallet Box (2 or 4 way)-21458,24,77.46,Full Pallet Box (2 or 4 way)
DY65265,10,10,6.9,2-Way Flat Pallet-33264,36,74.68,2-Way Flat Pallet-54432,60,76.06,2-Way Flat Pallet-72576,72,68.45,2-Way Flat Pallet-90720,96,73.02,Half Pallet Box (2 or 4 way base)-10682,12,77.51,Full Pallet Box (2 or 4 way)-21458,24,77.17,Full Pallet Box (2 or 4 way)
DY65300,10.4,8.9,7.48,2-Way Flat Pallet-33264,24,49.95,2-Way Flat Pallet-54432,48,61.05,2-Way Flat Pallet-72576,72,68.69,2-Way Flat Pallet-90720,96,73.26,Half Pallet Box (2 or 4 way base)-10682,6,38.89,Full Pallet Box (2 or 4 way)-21458,18,58.08,Full Pallet Box (2 or 4 way)
DY65355,16.5,2.9,16.7,2-Way Flat Pallet-33264,34,81.68,2-Way Flat Pallet-54432,60,88.08,2-Way Flat Pallet-72576,80,88.08,2-Way Flat Pallet-90720,102,89.85,Half Pallet Box (2 or 4 way base)-10682,4,29.92,Full Pallet Box (2 or 4 way)-21458,16,59.58,Full Pallet Box (2 or 4 way)
DY65400,5.5,5.21,27.6,2-Way Flat Pallet-33264,32,76.08,2-Way Flat Pallet-54432,56,81.37,2-Way Flat Pallet-72576,72,78.46,2-Way Flat Pallet-90720,96,83.69,Half Pallet Box (2 or 4 way base)-10682,0,0,Full Pallet Box (2 or 4 way)-21458,25,92.14,Full Pallet Box (2 or 4 way)
DY65455,6.9,5.9,24,2-Way Flat Pallet-33264,27,79.31,2-Way Flat Pallet-54432,44,78.98,2-Way Flat Pallet-72576,70,94.24,2-Way Flat Pallet-90720,79,85.08,Half Pallet Box (2 or 4 way base)-10682,8,73.17,Full Pallet Box (2 or 4 way)-21458,15,68.3,Full Pallet Box (2 or 4 way)
DY65500,8.31,5.93,18.1,2-Way Flat Pallet-33264,28,75.08,2-Way Flat Pallet-54432,52,85.21,2-Way Flat Pallet-72576,68,83.57,2-Way Flat Pallet-90720,84,82.59,Half Pallet Box (2 or 4 way base)-10682,5,41.75,Full Pallet Box (2 or 4 way)-21458,17,70.66,Full Pallet Box (2 or 4 way)
DY65503,12.1,12.1,7.7,2-Way Flat Pallet-33264,15,50.84,2-Way Flat Pallet-54432,30,62.13,2-Way Flat Pallet-72576,45,69.9,2-Way Flat Pallet-90720,54,67.1,Half Pallet Box (2 or 4 way base)-10682,4,42.22,Full Pallet Box (2 or 4 way)-21458,12,63.04,Full Pallet Box (2 or 4 way)
DY65505,8.9,6.4,16.9,2-Way Flat Pallet-33264,24,69.45,2-Way Flat Pallet-54432,48,84.89,2-Way Flat Pallet-72576,60,79.58,2-Way Flat Pallet-90720,84,89.13,Half Pallet Box (2 or 4 way base)-10682,5,45.06,Full Pallet Box (2 or 4 way)-21458,17,76.26,Full Pallet Box (2 or 4 way)
DY65515,11.4,11.4,8.5,2-Way Flat Pallet-33264,18,59.78,2-Way Flat Pallet-54432,36,73.06,2-Way Flat Pallet-72576,45,68.49,2-Way Flat Pallet-90720,63,76.71,Half Pallet Box (2 or 4 way base)-10682,4,41.37,Full Pallet Box (2 or 4 way)-21458,12,61.77,Full Pallet Box (2 or 4 way)
DY65525,10.8,9,11.6,2-Way Flat Pallet-33264,21,71.18,2-Way Flat Pallet-54432,36,74.57,2-Way Flat Pallet-72576,48,74.57,2-Way Flat Pallet-90720,60,74.57,Half Pallet Box (2 or 4 way base)-10682,6,63.33,Full Pallet Box (2 or 4 way)-21458,12,63.05,Full Pallet Box (2 or 4 way)
DY65535,15.4,3.5,22,2-Way Flat Pallet-33264,26,92.69,2-Way Flat Pallet-54432,34,74.07,2-Way Flat Pallet-72576,54,88.23,2-Way Flat Pallet-90720,67,87.58,Half Pallet Box (2 or 4 way base)-10682,4,44.4,Full Pallet Box (2 or 4 way)-21458,11,60.79,Full Pallet Box (2 or 4 way)
DY65545,8.6,8.6,17.5,2-Way Flat Pallet-33264,16,62.26,2-Way Flat Pallet-54432,32,76.09,2-Way Flat Pallet-72576,40,71.33,2-Way Flat Pallet-90720,48,68.48,Half Pallet Box (2 or 4 way base)-10682,4,48.47,Full Pallet Box (2 or 4 way)-21458,13,78.41,Full Pallet Box (2 or 4 way)
DY65551,10.25,10.25,13.1,2-Way Flat Pallet-33264,12,49.65,2-Way Flat Pallet-54432,24,60.68,2-Way Flat Pallet-72576,36,68.27,2-Way Flat Pallet-90720,48,72.82,Half Pallet Box (2 or 4 way base)-10682,4,51.54,Full Pallet Box (2 or 4 way)-21458,8,51.31,Full Pallet Box (2 or 4 way)
DY65555,20,7.2,10.4,2-Way Flat Pallet-33264,18,81.04,2-Way Flat Pallet-54432,27,74.29,2-Way Flat Pallet-72576,36,74.29,2-Way Flat Pallet-90720,51,84.19,Half Pallet Box (2 or 4 way base)-10682,4,56.08,Full Pallet Box (2 or 4 way)-21458,10,69.79,Full Pallet Box (2 or 4 way)
DY65565,8.2,8.2,22.7,2-Way Flat Pallet-33264,12,55.06,2-Way Flat Pallet-54432,26,72.91,2-Way Flat Pallet-72576,40,84.12,2-Way Flat Pallet-90720,46,77.39,Half Pallet Box (2 or 4 way base)-10682,3,42.87,Full Pallet Box (2 or 4 way)-21458,9,64.02,Full Pallet Box (2 or 4 way)
DY65575,6.7,6.7,36.8,2-Way Flat Pallet-33264,15,74.49,2-Way Flat Pallet-54432,25,75.87,2-Way Flat Pallet-72576,35,79.67,2-Way Flat Pallet-90720,45,81.94,Half Pallet Box (2 or 4 way base)-10682,0,0,Full Pallet Box (2 or 4 way)-21458,0,0,2-Way Flat Pallet
DY65585,14.7,13.4,9.4,2-Way Flat Pallet-33264,12,66.8,2-Way Flat Pallet-54432,18,61.23,2-Way Flat Pallet-72576,30,76.54,2-Way Flat Pallet-90720,36,73.48,Half Pallet Box (2 or 4 way base)-10682,3,52,Full Pallet Box (2 or 4 way)-21458,9,77.66,Full Pallet Box (2 or 4 way)
DY65595,13.2,13,11.8,2-Way Flat Pallet-33264,6,36.52,2-Way Flat Pallet-54432,18,66.96,2-Way Flat Pallet-72576,24,66.96,2-Way Flat Pallet-90720,30,66.96,Half Pallet Box (2 or 4 way base)-10682,4,75.82,Full Pallet Box (2 or 4 way)-21458,8,75.49,Full Pallet Box (2 or 4 way)
DY65600,35.81,8.3,7.48,2-Way Flat Pallet-33264,10,66.84,2-Way Flat Pallet-54432,20,81.69,2-Way Flat Pallet-72576,30,91.9,2-Way Flat Pallet-90720,40,98.03,Half Pallet Box (2 or 4 way base)-10682,0,0,Full Pallet Box (2 or 4 way)-21458,0,0,2-Way Flat Pallet
DY65615,11.5,11.1,17.9,2-Way Flat Pallet-33264,9,61.82,2-Way Flat Pallet-54432,18,75.56,2-Way Flat Pallet-72576,24,75.56,2-Way Flat Pallet-90720,27,68,Half Pallet Box (2 or 4 way base)-10682,2,42.78,Full Pallet Box (2 or 4 way)-21458,4,42.59,Full Pallet Box (2 or 4 way)
DY65625,8,8,39.9,2-Way Flat Pallet-33264,8,61.41,2-Way Flat Pallet-54432,16,75.06,2-Way Flat Pallet-72576,24,84.44,2-Way Flat Pallet-90720,28,78.81,Half Pallet Box (2 or 4 way base)-10682,0,0,Full Pallet Box (2 or 4 way)-21458,0,0,2-Way Flat Pallet
DY65635,13.3,13.3,16.2,2-Way Flat Pallet-33264,6,51.69,2-Way Flat Pallet-54432,12,63.18,2-Way Flat Pallet-72576,16,63.18,2-Way Flat Pallet-90720,18,56.86,Half Pallet Box (2 or 4 way base)-10682,2,53.65,Full Pallet Box (2 or 4 way)-21458,4,53.42,Full Pallet Box (2 or 4 way)
DY65675,17.1,7.3,30.8,2-Way Flat Pallet-33264,5,57.79,2-Way Flat Pallet-54432,10,70.63,2-Way Flat Pallet-72576,15,79.46,2-Way Flat Pallet-90720,17,72.05,Half Pallet Box (2 or 4 way base)-10682,0,0,Full Pallet Box (2 or 4 way)-21458,0,0,2-Way Flat Pallet
DY65725,17.25,18,18.1,2-Way Flat Pallet-33264,4,67.58,2-Way Flat Pallet-54432,8,82.6,2-Way Flat Pallet-72576,8,61.95,2-Way Flat Pallet-90720,12,74.34,Half Pallet Box (2 or 4 way base)-10682,0,0,Full Pallet Box (2 or 4 way)-21458,1,26.19,Full Pallet Box (2 or 4 way)
DY65775,18.25,15.4,28.9,2-Way Flat Pallet-33264,2,48.84,2-Way Flat Pallet-54432,4,59.69,2-Way Flat Pallet-72576,6,67.15,2-Way Flat Pallet-90720,8,71.63,Half Pallet Box (2 or 4 way base)-10682,0,0,Full Pallet Box (2 or 4 way)-21458,0,0,2-Way Flat Pallet
